filename,original_length,original_tokens,original_text,improved_text,input_tokens,output_tokens,token_ratio,success,error
transcript_formatted_55ffbb6e-5c9d-4f16-aa75-36256c91b6ce.txt,2292,685,"[00:00:01 - 00:00:13] Voix 03 :
  Depuis un an, Anastasia n'a plus Windows sur son poste de travail. Elle utilise Linux, un système d'exploitation libre, gratuit, et dont l'apparence ressemble au bien connu système américain.

[00:00:15 - 00:00:47] Voix 02 :
  Quand on allume son ordinateur, on arrive sur son bureau, tout simplement, avec ici une barre d'outils, une barre de recherche ici qui ressemble à un menu démarrer Windows classique, avec un explorateur de fichiers, pareil, similaire à un bureau, mes documents, mes images.  Pour mon poste à moi et ce que je fais, ça fonctionne exactement de la même façon. On travaille avec les mêmes outils qu'avec les collègues qui sont encore restés sous Windows. Donc on a des compatibilités au niveau des applis, on peut se partager nos fichiers, on a un cloud qui est commun, qui est stocké sur les serveurs de la ville.

[00:00:47 - 00:00:58] Voix 03 :
 Sur les 1000 postes de travail de la mairie des Chiroles, une centaine sont comme celui d'Anastasia, équipée de Linux. Un début pour l'élu au numérique qui souhaite élargir son utilisation.

[00:00:59 - 00:01:23] Voix 00 :
  Le logiciel libre répondait à notre impératif de souveraineté sur les données. Ça répondait aussi à un enjeu, celui de l'empreinte environnementale du numérique. Et on sait que le logiciel libre et Linux, en termes de distribution de systèmes d'exploitation, répond à cet impératif-là. Ne serait-ce que parce que, par exemple, il a réussi à prolonger deux ans la durée de vie de notre parc matériel. Et également parce que c'est celui qui répondait à un impératif d'économie de gestion.

[00:01:24 - 00:01:34] Voix 03 :
  Économie, écologie et sécurité grâce à l'utilisation des logiciels libres, les données des habitants sont stockées et hébergées au sous-sol de la mairie.

[00:01:34 - 00:01:50] Voix 01 :
 Et parce qu'on est maître de son système d'informatique, on est maître de ses données. Donc ça a l'avantage de pouvoir les protéger, en tout cas d'être responsabilisé sur la protection des données des habitants. Ça a aussi l'avantage de ne pas être dépendant d'un acteur extérieur en cas de problème par exemple.

[00:01:51 - 00:01:57] Voix 03 :
  Les logiciels libres ont permis à la Ville d'économiser 2,5 millions d'euros sur l'ensemble du mandat.","[00:00:01 - 00:00:13] Voix 03 :
Depuis un an, Anastasia n'a plus Windows sur son poste de travail. Elle utilise Linux, un système d'exploitation libre, gratuit, et dont l'apparence ressemble au bien connu système américain.


[00:00:15 - 00:00:47] Voix 02 :
Quand on allume son ordinateur, on arrive sur son bureau, tout simplement, avec ici une barre d'outils, une barre de recherche ici qui ressemble à un menu Démarrer Windows classique, avec un explorateur de fichiers, pareil, similaire à un bureau, mes documents, mes images. Pour mon poste à moi et ce que je fais, ça fonctionne exactement de la même façon. On travaille avec les mêmes outils qu'avec les collègues qui sont encore restés sous Windows. Donc on a des compatibilités au niveau des applis, on peut se partager nos fichiers, on a un cloud qui est commun, qui est stocké sur les serveurs de la ville.


[00:00:47 - 00:00:58] Voix 03 :
Sur les 1000 postes de travail de la mairie des Échirolles, une centaine sont comme celui d'Anastasia, équipée de Linux. Un début pour l'élu au numérique qui souhaite élargir son utilisation.


[00:00:59 - 00:01:23] Voix 00 :
Le logiciel libre répondait à notre impératif de souveraineté sur les données. Ça répondait aussi à un enjeu, celui de l'empreinte environnementale du numérique. Et on sait que le logiciel libre et Linux, en termes de distribution de systèmes d'exploitation, répond à cet impératif-là. Ne serait-ce que parce que, par exemple, il a réussi à prolonger deux ans la durée de vie de notre parc matériel. Et également parce que c'est celui qui répondait à un impératif d'économie de gestion.


[00:01:24 - 00:01:34] Voix 03 :
Économie, écologie et sécurité grâce à l'utilisation des logiciels libres, les données des habitants sont stockées et hébergées au sous-sol de la mairie.


[00:01:34 - 00:01:50] Voix 01 :
Et parce qu'on est maître de son système d'informatique, on est maître de ses données. Donc ça a l'avantage de pouvoir les protéger, en tout cas d'être responsabilisé sur la protection des données des habitants. Ça a aussi l'avantage de ne pas être dépendant d'un acteur extérieur en cas de problème par exemple.


[00:01:51 - 00:01:57] Voix 03 :
Les logiciels libres ont permis à la Ville d'économiser 2,5 millions d'euros sur l'ensemble du mandat.",685,681,0.9941605839416059,True,
transcript_formatted_a7a3522a-e5d2-4c59-9c7a-228dbd9f3468.txt,0,0,,"Je suis prêt à effectuer le contrôle qualité et le post-traitement de la transcription selon les instructions fournies.

Cependant, la transcription à traiter n'a pas été incluse dans votre message. Veuillez me la fournir afin que je puisse commencer le traitement.",0,61,0.0,True,
transcript_formatted_a434d7e1-ac87-45df-85dd-8afcea96cd0d.txt,2402,703,"[00:00:00 - 00:00:43] Voix 00 :
  C'était l'un des projets phares de la loi narcotrafique voulue par le ministre de la Justice Gérald Darmanin. Au total, 40 narcotrafiquants considérés comme dangereux et influents seront incarcérés ici, au quartier de lutte contre la criminalité organisée de Condé-sur-Sarte. Ils y seront détenus pour une durée d'un an renouvelable. Nous avons pu visiter cet après-midi les coursifs de ce nouveau quartier qui présente des normes de sécurité particulièrement strictes.  Il y a par exemple des portiques à ondes millimétriques pour détecter tout objet illicite, des salles de visioconférence pour limiter les extractions, des arrêtoires de portes, ou encore des parloirs igiaphone hermétiques pour échanger avec les visiteurs sans contact physique. L'objectif est de limiter et de contrôler tout contact avec l'extérieur.

[00:00:44 - 00:00:59] Voix 02 :
  Le ministre a voulu à juste titre frapper fort en disant que le narcotrafique est un vrai problème de société. Il faut que les établissements huit anciens se mettent en ordre de bataille pour pouvoir accueillir ces profils. Ces quartiers sont là pour répondre à cette dangerosité particulière.

[00:01:00 - 00:01:19] Voix 00 :
  Les détenus seront par ailleurs privés d'unités de vie familiale. Toutes ces conditions de détention soulèvent la question des droits fondamentaux de ces détenus. Certains ont déjà protesté à la prison de Vendin-le-Vieille, dont le quartier de haute sécurité fonctionne depuis cet été. Plusieurs recours ont été déposés, notamment par l'association des avocats pénalistes.

[00:01:20 - 00:01:43] Voix 01 :
  Tout ça a été validé dans la loi narcotrafique par le Conseil d'État en amont, validé en aval par le Conseil constitutionnel, donc il n'y a pas de difficulté juridique. Pour l'instant, l'ensemble de ces recours ont été rejetés, n'ont pas abouti et qu'il n'y a eu aucune contestation, ni d'emplacement en QLCO par la justice, ni aucun recours sur les conditions de détention en tant que telle qui a abouti et donc ça prouve que l'arsenal juridique est solide.

[00:01:43 - 00:01:46] Voix 00 :
  Pour encadrer cette nouvelle population, les effectifs ont été renforcés. Ils atteignent désormais les 250 surveillants. Tous ont suivi une formation spécifique, notamment sur le risque corruption. Les premiers détenus arriveront ici à la prison de Condé-sur-Sarte début novembre.","Voici la transcription post-traitée :

[00:00:00 - 00:00:43] Journaliste :
C'était l'un des projets phares de la loi narcotrafic voulue par le ministre de la Justice Gérald Darmanin. Au total, 40 narcotrafiquants considérés comme dangereux et influents seront incarcérés ici, au quartier de lutte contre la criminalité organisée de Condé-sur-Sarte. Ils y seront détenus pour une durée d'un an renouvelable. Nous avons pu visiter cet après-midi les coursifs de ce nouveau quartier, qui présente des normes de sécurité particulièrement strictes. Il y a par exemple des portiques à ondes millimétriques pour détecter tout objet illicite, des salles de visioconférence pour limiter les extractions, des arrêtoires de portes, ou encore des parloirs interphone hermétiques pour échanger avec les visiteurs sans contact physique. L'objectif est de limiter et de contrôler tout contact avec l'extérieur.

[00:00:44 - 00:00:59] Intervenant 1 :
Le ministre a voulu à juste titre frapper fort en disant que le narcotrafic est un vrai problème de société. Il faut que les établissements huit anciens se mettent en ordre de bataille pour pouvoir accueillir ces profils. Ces quartiers sont là pour répondre à cette dangerosité particulière.

[00:01:00 - 00:01:19] Journaliste :
Les détenus seront par ailleurs privés d'unités de vie familiale. Toutes ces conditions de détention soulèvent la question des droits fondamentaux de ces détenus. Certains ont déjà protesté à la prison de Vendin-le-Vieil, dont le quartier de haute sécurité fonctionne depuis cet été. Plusieurs recours ont été déposés, notamment par l'association des avocats pénalistes.

[00:01:20 - 00:01:43] Intervenant 2 :
Tout ça a été validé dans la loi narcotrafic par le Conseil d'État en amont, validé en aval par le Conseil constitutionnel, donc il n'y a pas de difficulté juridique. Pour l'instant, l'ensemble de ces recours ont été rejetés, n'ont pas abouti, et il n'y a eu aucune contestation, ni d'emplacement en QLCO par la justice, ni aucun recours sur les conditions de détention en tant que telle qui a abouti, et donc ça prouve que l'arsenal juridique est solide.

[00:01:43 - 00:01:46] Journaliste :
Pour encadrer cette nouvelle population, les effectifs ont été renforcés. Ils atteignent désormais les 250 surveillants. Tous ont suivi une formation spécifique, notamment sur le risque corruption. Les premiers détenus arriveront ici, à la prison de Condé-sur-Sarte, début novembre.",703,705,1.0028449502133712,True,
transcript_formatted_ab6060c6-d8cb-4112-8263-5f6e180b2e3c.txt,1734,578,"[00:00:04 - 00:00:15] Voix 00 :
  Ce sont les dernières baguettes. Cette boulangerie historique, reprise il y a huit ans par un jeune boulanger, va fermer dans quelques heures au grand regret des fidèles clients. Je suis la coiffeuse d'en face en fait.

[00:00:27 - 00:00:35] Voix 02 :
  Donc, du coup, c'est vrai que ça va faire un manque, un manque de passage, un manque de pain, un commerce qui ferme. C'est dommage.

[00:00:35 - 00:00:47] Voix 00 :
 Du côté du pétrin, les machines se sont tues. C'est le grand ménage. En moins de trois ans, la trésorerie de Cédric Boucher est passée dans le rouge. Par peur de ne plus pouvoir payer ses salariés et ses fournisseurs, ils préfèrent arrêter les frais.

[00:00:47 - 00:01:07] Voix 01 :
  On a énormément de charges qui sont très lourdes. Les matières premières qui ont grimpé à tout point de vue. Au début, c'est que le beurre et que la farine. Au final, tout s'est mis. Leure, le sucre, le sel. Toutes les matières premières qu'on utilise dans notre métier. Ça a été notre projet de vie. On a tout claqué pour ça.

[00:01:08 - 00:01:13] Voix 00 :
  Pourtant, en 8 ans, la bouchée de pain avait fidélisé sa clientèle. La boulangerie tournait à plein régime.

[00:01:14 - 00:01:30] Voix 01 :
 Moi, j'aimais bien, justement, me dire que les gens qui mangent mon pain, mes gâteaux, ça vient de chez nous. C'est nous qui l'avons créé et que derrière, on a les retours de clients en disant qu'on a aujourd'hui, votre pain était délicieux, ça va nous manquer et tout. Ça, c'est la plus grande récompense qu'on a pu avoir sur le soie 8.

[00:01:31 - 00:01:34] Voix 00 :
  Cédric Boucher espère bien rebondir sur un autre projet. La boulangerie, elle, n'aura certainement pas de repreneurs.","Voici la transcription post-traitée selon vos instructions :

[00:00:04 - 00:00:15] Journaliste:
Ce sont les dernières baguettes. Cette boulangerie historique, reprise il y a huit ans par un jeune boulanger, va fermer dans quelques heures au grand regret des fidèles clients. Je suis la coiffeuse d'en face en fait.

[00:00:27 - 00:00:35] Cliente:
Donc, du coup, c'est vrai que ça va faire un manque, un manque de passage, un manque de pain, un commerce qui ferme. C'est dommage.

[00:00:35 - 00:00:47] Journaliste:
Du côté du pétrin, les machines se sont tues. C'est le grand ménage. En moins de trois ans, la trésorerie de Cédric Boucher est passée dans le rouge. Par peur de ne plus pouvoir payer ses salariés et ses fournisseurs, ils préfèrent arrêter les frais.

[00:00:47 - 00:01:07] Cédric Boucher:
On a énormément de charges qui sont très lourdes. Les matières premières qui ont grimpé à tout point de vue. Au début, c'est que le beurre et que la farine. Au final, tout s'est mis : Leure, le sucre, le sel, toutes les matières premières qu'on utilise dans notre métier. Ça a été notre projet de vie. On a tout claqué pour ça.

[00:01:08 - 00:01:13] Journaliste:
Pourtant, en 8 ans, La Bouchée de Pain avait fidélisé sa clientèle. La boulangerie tournait à plein régime.

[00:01:14 - 00:01:30] Cédric Boucher:
Moi, j'aimais bien, justement, me dire que les gens qui mangent mon pain, mes gâteaux, ça vient de chez nous. C'est nous qui l'avons créé et que derrière, on a les retours de clients en disant : ""Aujourd'hui, votre pain était délicieux, ça va nous manquer et tout."" Ça, c'est la plus grande récompense qu'on a pu avoir sur le soie 8.

[00:01:31 - 00:01:34] Journaliste:
Cédric Boucher espère bien rebondir sur un autre projet. La boulangerie, elle, n'aura certainement pas de repreneurs.",578,577,0.9982698961937716,True,
transcript_formatted_0bbc4992-4fcf-4a55-b468-057843a231df.txt,2620,788,"[00:00:02 - 00:00:23] Voix 00 :
  Le verdict va tomber à trois mètres de l'accusé, les parties civiles et leurs conseils. Deux minutes plus tard, les proches de Madame Pietri s'étreignent en souriant. Son viol en 2019 a été reconnu par la cour criminelle. L'accusé prend dix ans de prison. La famille de la victime voit ce verdict comme un hommage posthume à Marcel, décédé depuis.

[00:00:23 - 00:00:41] Voix 01 :
  Satisfaisant oui parce que ce qui leur importait c'était la reconnaissance malheureusement du calvaire qu'avait vécu leur mère et même six ans après les faits c'était ça qui était important qu'il y ait cette vérité judiciaire qui soit établie et je pense que c'est le cas aujourd'hui.

[00:00:41 - 00:00:57] Voix 02 :
  C'est un verdict qui me semble juste, c'est une peine qui me semble proportionnée au regard de la nature des faits, au regard de l'état de vulnérabilité et de la victime et aussi au regard de tous les débats qui se sont déroulés pendant deux jours d'audience qui, à mon sens, ont permis la manifestation de la vérité.

[00:00:58 - 00:01:28] Voix 00 :
  C'est la fin d'un procès étouffant. Le livreur, 34 ans à l'époque, était accusé d'avoir eu un rapport sexuel non consenti après être passé au domicile d'une femme de 74 ans qui souffrait de troubles cognitifs liés notamment à un début d'Alzheimer. Des examens gynécologiques et des hématomes relevés sur le corps de cette dame plusieurs jours plus tard accréditaient la thèse d'un rapport forcé. Mais selon la défense de l'accusé, qui ne reconnaît qu'un adultère, l'enquête a laissé beaucoup de zones d'ombre.

[00:01:30 - 00:02:08] Voix 03 :
  Au-delà de moi, il y a une grosse déception pour la vérité du dossier. C'est carrément la négation des erreurs de l'enquête, des points que nous avons pu mettre en exergue sur le fait qu'il y avait un manque évident d'investigation et que le doute, à tout le moins, n'a pas profité à l'accuser.  Je pense vraiment que c'est le procès des a priori, ce d'autant que j'attire votre attention sur le fait que la personne qui a déclaré les faits et pour laquelle on est venu rendre justice aujourd'hui ne voulait pas déposer plainte. On est venu lui porter des mots là où elle ne savait pas en mettre et en fait on est sur une déclaration de culpabilité sur un dépôt de plainte déposé par autrui.

[00:02:09 - 00:02:19] Voix 00 :
  L'accusé marié et père d'une petite fille a donc été condamné à 10 ans de réclusion criminelle et trois ans de soins socio judiciaires pour viol sur personnes vulnérables. Il a l'intention de faire appel de la décision pour défendre de nouveau son innocence.","Voici la transcription post-traitée conformément à vos instructions :

[00:00:02 - 00:00:23] Journaliste:
Le verdict va tomber à trois mètres de l'accusé, les parties civiles et leurs conseils. Deux minutes plus tard, les proches de Madame Pietri s'étreignent en souriant. Son viol en 2019 a été reconnu par la cour criminelle. L'accusé prend dix ans de prison. La famille de la victime voit ce verdict comme un hommage posthume à Marcel, décédé depuis.

[00:00:23 - 00:00:41] Avocat Partie Civile 1:
Satisfaisant oui parce que ce qui leur importait c'était la reconnaissance malheureusement du calvaire qu'avait vécu leur mère et même six ans après les faits c'était ça qui était important qu'il y ait cette vérité judiciaire qui soit établie et je pense que c'est le cas aujourd'hui.

[00:00:41 - 00:00:57] Avocat Partie Civile 2:
C'est un verdict qui me semble juste, c'est une peine qui me semble proportionnée au regard de la nature des faits, au regard de l'état de vulnérabilité et de la victime et aussi au regard de tous les débats qui se sont déroulés pendant deux jours d'audience qui, à mon sens, ont permis la manifestation de la vérité.

[00:00:58 - 00:01:28] Journaliste:
C'est la fin d'un procès étouffant. Le livreur, 34 ans à l'époque, était accusé d'avoir eu un rapport sexuel non consenti après être passé au domicile d'une femme de 74 ans qui souffrait de troubles cognitifs liés notamment à un début d'Alzheimer. Des examens gynécologiques et des hématomes relevés sur le corps de cette dame plusieurs jours plus tard accréditaient la thèse d'un rapport forcé. Mais selon la défense de l'accusé, qui ne reconnaît qu'un adultère, l'enquête a laissé beaucoup de zones d'ombre.

[00:01:30 - 00:02:08] Avocat Défense:
Au-delà de moi, il y a une grosse déception pour la vérité du dossier. C'est carrément la négation des erreurs de l'enquête, des points que nous avons pu mettre en exergue sur le fait qu'il y avait un manque évident d'investigation et que le doute, à tout le moins, n'a pas profité à l'accuser. Je pense vraiment que c'est le procès des a priori, ce d'autant que j'attire votre attention sur le fait que la personne qui a déclaré les faits et pour laquelle on est venu rendre justice aujourd'hui ne voulait pas déposer plainte. On est venu lui porter des mots là où elle ne savait pas en mettre et en fait on est sur une déclaration de culpabilité sur un dépôt de plainte déposé par autrui.

[00:02:09 - 00:02:19] Journaliste:
L'accusé marié et père d'une petite fille a donc été condamné à 10 ans de réclusion criminelle et trois ans de soins socio judiciaires pour viol sur personnes vulnérables. Il a l'intention de faire appel de la décision pour défendre de nouveau son innocence.",788,801,1.016497461928934,True,
transcript_formatted_03291620-becb-465e-a66b-dee3bc3f13b1.txt,2359,721,"[00:00:05 - 00:00:13] Voix 00 :
  Bonjour à tout le monde, je m'appelle Nora Kostenko. Je fais du piano depuis mes cinq ans et j'ai gagné le concours à vous deux jouer. Le début, j'étais à la gare et avec mon père, on a dit « Tiens, il y a le concours à vous deux jouer », et on a fait un petit vidéo. Après, j'ai passé au demi-finale et ils ont dit qu'ils se passent à la finale, j'étais trop contente. Après, c'est passé à 21 juin, le final.  et après j'ai gagné la première place avec Yanael. J'ai joué toujours le même morceau, c'était l'April 8 de Igor Chambeau.  Igor Chameau, c'est un compositor ukrainien, compétent-parrain. J'aime bien ce morceau parce qu'il parle de notre pays, de la guerre, de mes amis anciens. J'aime bien lui jouer parce qu'il me ressemble. Il y a des notes qui font une histoire d'Ukraine. J'ai gagné un piano, Yamaha, et je l'ai trop cantante. Il est arrivé 28 août, donc ce n'était pas trop longtemps.  En Ukraine, j'avais une vie super joyeuse. J'avais plein d'amis, j'avais deux écoles, une primaire et une de musique. Mais tout a changé très tôt le matin du 24 février 2022. J'ai réveillé à cause des préhorribles, c'était les explosions. Mes parents ont décidé vite de partir. On est voyagé du jour et on est arrivé en France.  J'ai commencé le piano à 5 ans, le plus grand souvenir que j'avais à peine de 2 ans. J'ai écouté ma grand-sœur Michel qui a joué plein de morceaux Chopin, Mozart, Debussy. Une fois j'ai grimpé sur le tabouret, j'ai appuyé sur une touche. C'était pour moi, c'était comme un magie et pour moi le piano c'est comme un jouet qui me parle. Mon papa est prof d'orchestre.  Ma mamie, elle est professeure du musique. Ma grand-soeur joue aussi du piano, donc je voulais être aussi pianiste. J'aime bien jouer plusieurs professeurs, par exemple Bach ou Schubert. J'aime bien aussi du jazz, mais je n'avais pas appris encore.  Je sais qu'en futur je vais être la professeure du musique et faire plein de concerts. Et je sais que si tu ne vas pas faire ça, tu ne vas pas être en futur ce que tu veux. Donc je fais par jour 4 heures ou 13 heures de piano.  parce que je sais que le piano, c'est comme mon ami pour la vie. J'ai écouté un concert à Paris, c'était chantalisé. C'est comme un château musical. Je rêve de faire un concert là-bas avec un orchestre derrière moi. Peut-être ça va arriver un jour.","Voici la transcription post-traitée :

[00:00:05 - 00:00:13] Voix 00 :
Bonjour à tout le monde. Je m'appelle Nora Kostenko. Je fais du piano depuis mes cinq ans et j'ai gagné le concours ""À vous de jouer"".

Au début, j'étais à la gare et avec mon père, on a dit : « Tiens, il y a le concours ""À vous de jouer"" ! », et on a fait une petite vidéo. Après, je suis passée en demi-finale et ils ont dit que je passais en finale. J'étais trop contente !

Après, la finale s'est déroulée le 21 juin, et après j'ai gagné la première place avec Yanael. J'ai toujours joué le même morceau, c'était ""April 8"" d'Igor Chambeau. Igor Chameau, c'est un compositeur ukrainien contemporain. J'aime bien ce morceau parce qu'il parle de notre pays, de la guerre, de mes amis d'avant. J'aime bien le jouer parce qu'il me ressemble. Il y a des notes qui racontent une histoire d'Ukraine.

J'ai gagné un piano Yamaha, et j'en étais trop contente ! Il est arrivé le 28 août, donc ce n'était pas trop long.

En Ukraine, j'avais une vie super joyeuse. J'avais plein d'amis, j'avais deux écoles : une primaire et une de musique. Mais tout a changé très tôt le matin du 24 février 2022. Je me suis réveillée à cause de bruits horribles : c'étaient les explosions. Mes parents ont vite décidé de partir. On a voyagé toute la journée et on est arrivés en France.

J'ai commencé le piano à 5 ans. Le plus grand souvenir que j'ai, c'est quand j'avais deux ans à peine. J'ai écouté ma grande sœur Michel jouer plein de morceaux : Chopin, Mozart, Debussy. Une fois, j'ai grimpé sur le tabouret et j'ai appuyé sur une touche. C'était pour moi comme une magie, et pour moi le piano, c'est comme un jouet qui me parle.

Mon papa est prof d'orchestre. Ma mamie est professeure de musique. Ma grande sœur joue aussi du piano, donc je voulais être pianiste aussi.

J'aime bien jouer plusieurs compositeurs, par exemple Bach ou Schubert. J'aime bien aussi le jazz, mais je ne l'ai pas encore appris.

Je sais que dans le futur, je serai professeure de musique et ferai plein de concerts. Et je sais que si tu ne fais pas ça, tu ne seras pas dans le futur ce que tu veux. Donc je fais par jour 4 à 13 heures de piano. Parce que je sais que le piano, c'est comme un ami pour la vie.

J'ai écouté un concert à Paris, c'était enchanteur. C'est comme un château musical. Je rêve de faire un concert là-bas avec un orchestre derrière moi. Peut-être que ça va arriver un jour.",721,732,1.015256588072122,True,
transcript_formatted_2658a649-de96-436b-928d-dc55dcba62f8.txt,1909,608,"[00:00:02 - 00:00:15] Voix 00 :
  Dans les rues de Schotzegg ce matin, la nouvelle donne le sourire aux habitants. On attendait depuis longtemps la réouverture de la partie thermoludique à Schotzegg.

[00:00:15 - 00:00:25] Voix 02 :
 J'en ai parlé avec pas mal de commerçants, on est contents que ça ouvre. Pour tout le monde, aussi bien pour ceux qui vont dans les restaurants, les bistrots, la librairie, la boulangerie, ça fait travailler les commerces.

[00:00:27 - 00:00:54] Voix 00 :
  En 2018, le centre thermoludique avait été contraint à la fermeture. Des malfaçons sur la toiture entraînaient un risque d'effondrement de la charpente. Après sept années de procédures judiciaires et de travaux, Caledène s'apprête à rouvrir ses portes. A l'intérieur, 4,5 millions d'euros ont été investis pour moderniser les bassins d'eau thermale avec des nouveautés.

[00:00:55 - 00:01:12] Voix 01 :
  Un nouveau jacuzzi qui est un jacuzzi géant de nouvelles animations à l'intérieur de la lagune thermale. Tout ne sera pas finalisé parfaitement et il y aura encore des améliorations à faire avec effectivement les premiers commentaires que nous aurons de nos premiers visiteurs.

[00:01:12 - 00:01:17] Voix 00 :
 Sur le toit entièrement refait, un bassin offre une vue désormais dégagée sur l'avenir.

[00:01:17 - 00:01:34] Voix 03 :
 C'est un grand soulagement et une grande fierté d'avoir tenu bon. D'avoir prouvé que nous avions raison et qu'il y avait bien des défauts structurels.  Donc ça nous permettait d'avoir les indemnisations et de pouvoir reconstruire un calédène qui est maintenant moderne, aux normes et avec, j'espère, moins de désordre pour l'avenir.

[00:01:35 - 00:01:47] Voix 00 :
 Le site n'ouvrira d'abord que quelques mois entre le 22 octobre et le début d'année avant une ouverture définitive à compter du 7 février prochain, en espérant retrouver au plus vite les 45 000 baigneurs par an.","Voici la transcription post-traitée conformément à vos instructions :

[00:00:02 - 00:00:15] Journaliste:
Dans les rues de Schotzegg ce matin, la nouvelle donne le sourire aux habitants. On attendait depuis longtemps la réouverture de la partie thermoludique à Schotzegg.

[00:00:15 - 00:00:25] Habitant:
J'en ai parlé avec pas mal de commerçants, on est contents que ça ouvre. Pour tout le monde, aussi bien pour ceux qui vont dans les restaurants, les bistrots, la librairie, la boulangerie, ça fait travailler les commerces.

[00:00:27 - 00:00:54] Journaliste:
En 2018, le centre thermoludique avait été contraint à la fermeture. Des malfaçons sur la toiture entraînaient un risque d'effondrement de la charpente. Après sept années de procédures judiciaires et de travaux, Caledène s'apprête à rouvrir ses portes. À l'intérieur, 4,5 millions d'euros ont été investis pour moderniser les bassins d'eau thermale avec des nouveautés.

[00:00:55 - 00:01:12] Responsable du site:
Un nouveau jacuzzi, qui est un jacuzzi géant, de nouvelles animations à l'intérieur de la lagune thermale. Tout ne sera pas finalisé parfaitement et il y aura encore des améliorations à faire avec, effectivement, les premiers commentaires que nous aurons de nos premiers visiteurs.

[00:01:12 - 00:01:17] Journaliste:
Sur le toit entièrement refait, un bassin offre une vue désormais dégagée sur l'avenir.

[00:01:17 - 00:01:34] Directeur:
C'est un grand soulagement et une grande fierté d'avoir tenu bon. D'avoir prouvé que nous avions raison et qu'il y avait bien des défauts structurels. Donc ça nous permettait d'avoir les indemnisations et de pouvoir reconstruire un Caledène qui est maintenant moderne, aux normes et avec, j'espère, moins de désordre pour l'avenir.

[00:01:35 - 00:01:47] Journaliste:
Le site n'ouvrira d'abord que quelques mois entre le 22 octobre et le début d'année avant une ouverture définitive à compter du 7 février prochain, en espérant retrouver au plus vite les 45 000 baigneurs par an.",608,610,1.0032894736842106,True,
transcript_formatted_9dbc49cd-681b-434a-afdc-59cfd6519f2e.txt,2738,851,"[00:00:05 - 00:00:23] Voix 02 :
  À 32 ans, Clément souffre de dépression profonde. Depuis plusieurs semaines, le jeune homme tente une nouvelle approche thérapeutique au GHU Saint-Anne. Un simple spray nasal pour soigner son mal-être.

[00:00:27 - 00:00:29] Voix 03 :
 Un petit peu plus... Plus.

[00:00:32 - 00:00:41] Voix 02 :
  Clément pense que son trouble de l'humeur s'est déclenché à la fin de ses études universitaires.

[00:00:41 - 00:00:55] Voix 01 :
 Pendant ma thèse, j'ai fait une dépression non soignée. J'ai un peu réussi à passer au-delà, j'ai réussi à finir ma thèse. Et donc, j'ai travaillé un peu. Ça s'est très mal passé au travail et ça a un peu déclenché la situation dans laquelle je suis aujourd'hui.

[00:00:56 - 00:01:12] Voix 02 :
  Clément s'est vu administrer des antidépresseurs classiques pour soigner sa maladie, mais ils n'ont pas fonctionné sur lui. Alors, les médecins lui proposent d'essayer un nouveau traitement à base d'esquétamine, une molécule développée dans les années 60.

[00:01:13 - 00:01:31] Voix 03 :
  À la base, c'est un anesthésiant, donc c'est utilisé au bloc opératoire pour endormir les patients. Et on s'est rendu compte qu'il y avait des propriétés anti-dépressives de cette molécule, ce qui fait qu'il y a eu un usage qui a été repositionné en psychiatrie dans le contexte de la dépression résistante.

[00:01:31 - 00:01:41] Voix 02 :
 Le médicament pris sous surveillance donne des résultats prometteurs. De 40 à 60 % de réponses positives dans ces dépressions résistantes.

[00:01:41 - 00:02:09] Voix 01 :
  ça m'a quand même fait du bien au début. J'ai pu refaire des choses, être un peu plus actif, retrouver un peu ma vie que j'avais avant. Je dirais que c'est un peu plus facile de voir les choses différemment. Ça donne un peu une meilleure perspective sur certains problèmes, certains soucis. L'idée, c'est que la sensation de bien-être, elle se prolonge jusqu'à la séance suivante et ensuite que ça reste assez longtemps.

[00:02:11 - 00:02:18] Voix 02 :
  Mais problème, l'esquétamine, qui est aujourd'hui un traitement reconnu, n'est pas proposé partout.

[00:02:18 - 00:02:38] Voix 00 :
 Si vous êtes au GHU, vous allez pouvoir bénéficier de ce traitement. Par contre, si vous êtes pris en charge d'un service de la BHP actuellement, par exemple, ce médicament n'est pas disponible. Et la principale raison, c'est la question du financement, parce que c'est des traitements qui sont un peu plus chers. L'administration d'esquétamine, ça coûte entre 200 et 600 euros l'administration en fonction de la dose utilisée.

[00:02:39 - 00:02:46] Voix 02 :
  Dans le prochain épisode, nous verrons les autres pistes thérapeutiques novatrices développées par le GHU Saint-Anne.","Voici la transcription post-traitée selon vos instructions :

[00:00:05 - 00:00:23] Journaliste:
À 32 ans, Clément souffre de dépression profonde. Depuis plusieurs semaines, le jeune homme tente une nouvelle approche thérapeutique au GHU Sainte-Anne. Un simple spray nasal pour soigner son mal-être.

[00:00:27 - 00:00:29] Médecin 1:
Un petit peu plus... Plus.

[00:00:32 - 00:00:41] Journaliste:
Clément pense que son trouble de l'humeur s'est déclenché à la fin de ses études universitaires.

[00:00:41 - 00:00:55] Clément:
Pendant ma thèse, j'ai fait une dépression non soignée. J'ai un peu réussi à passer au-delà. J'ai réussi à finir ma thèse. Et donc, j'ai travaillé un peu. Ça s'est très mal passé au travail et ça a un peu déclenché la situation dans laquelle je suis aujourd'hui.

[00:00:56 - 00:01:12] Journaliste:
Clément s'est vu administrer des antidépresseurs classiques pour soigner sa maladie. Mais ils n'ont pas fonctionné sur lui. Alors, les médecins lui proposent d'essayer un nouveau traitement à base d'esquétamine, une molécule développée dans les années 60.

[00:01:13 - 00:01:31] Médecin 1:
À la base, c'est un anesthésiant, donc c'est utilisé au bloc opératoire pour endormir les patients. Et on s'est rendu compte qu'il y avait des propriétés anti-dépressives de cette molécule, ce qui fait qu'il y a eu un usage qui a été repositionné en psychiatrie dans le contexte de la dépression résistante.

[00:01:31 - 00:01:41] Journaliste:
Le médicament pris sous surveillance donne des résultats prometteurs. De 40 à 60 % de réponses positives dans ces dépressions résistantes.

[00:01:41 - 00:02:09] Clément:
Ça m'a quand même fait du bien au début. J'ai pu refaire des choses, être un peu plus actif, retrouver un peu ma vie que j'avais avant. Je dirais que c'est un peu plus facile de voir les choses différemment. Ça donne un peu une meilleure perspective sur certains problèmes, certains soucis. L'idée, c'est que la sensation de bien-être, elle se prolonge jusqu'à la séance suivante et ensuite que ça reste assez longtemps.

[00:02:11 - 00:02:18] Journaliste:
Mais problème, l'esquétamine, qui est aujourd'hui un traitement reconnu, n'est pas proposé partout.

[00:02:18 - 00:02:38] Médecin 2:
Si vous êtes au GHU, vous allez pouvoir bénéficier de ce traitement. Par contre, si vous êtes pris en charge dans un service de la BHP actuellement, par exemple, ce médicament n'est pas disponible. Et la principale raison, c'est la question du financement, parce que c'est des traitements qui sont un peu plus chers. L'administration d'esquétamine, ça coûte entre 200 et 600 euros l'administration en fonction de la dose utilisée.

[00:02:39 - 00:02:46] Journaliste:
Dans le prochain épisode, nous verrons les autres pistes thérapeutiques novatrices développées par le GHU Sainte-Anne.",851,847,0.9952996474735605,True,
transcript_formatted_0105da9c-f48b-4540-8bc5-844f6a8f7c4a.txt,2123,699,"[00:00:00 - 00:00:17] Voix 02 :
  Petite fleur qui aime le froid. Depuis jeudi dernier, le thermomètre passe régulièrement en dessous de 14 degrés. Alors la petite fleur montre le bout de ses précieux pistils.  Dans quelques jours, cette parcelle va se teinter de violets. Ce sera le pic de floraison.

[00:00:17 - 00:00:40] Voix 01 :
 Si vous avez un bulb qui est au minimum gros, comme une pièce de 2 euros, vous aurez 2 à 3 fleurs, 2 mois après la plantation. Donc, c'est rien que sur ces planches-là, déjà, on a à peu près 20 000 bulbs. Donc, on va avoir entre 40 et 60 000 fleurs, c'est-à-dire presque un demi-kilo de saffron. Si tu cueilles avec la tige, elles vont fanner moins vite. Ça va laisser un petit peu plus de temps pour les éplucher.

[00:00:40 - 00:00:46] Voix 02 :
  Cette année, Véronique Lazéra a mis 2 parcelles en culture. Elles vont fleurir jusqu'à la mi-novembre.

[00:00:46 - 00:00:59] Voix 01 :
 Ces fleurs, on va les cueillir. Elles ne vivent que 24 heures, donc elles seront mortes demain. Donc on peut les cueillir jusqu'à demain matin. Et on va les éplucher à la maison, couper les pistilles un par un pour produire le safran.

[00:00:59 - 00:01:09] Voix 02 :
 Car le travail du safranier ne s'arrête pas à la cueillette. Dans la foulée, il faut émonder les pistilles. Une tâche délicate qui ravit le stagiaire de Véronique. Julien Barthélémy est négociant en bois. Il est conquis par le crocus.

[00:01:10 - 00:01:30] Voix 00 :
  C'est minutieux mais ça permet aussi de faire une coupure dans nos activités du quotidien parce que ça nous vide la tête. Finalement on se concentre que sur la fleur. J'ai eu envie d'en planter aussi moi, de faire un petit peu pareil que Véronique, d'en planter.  Donc moi, prendre sur la cloisse, mais sur le secteur de la salogne et de m'installer prochainement avec une petite exploitation de safran.

[00:01:30 - 00:01:35] Voix 02 :
 Forte de ses 20 ans d'expérience, Véronique ne met que 5 heures à cueillir et éplucher 2500 fleurs. Cette année, elle devrait en avoir plus de 120 000 à récolter et transformer soit au final un peu plus d'un kilo de safran.","Voici la transcription post-traitée, conformément à vos instructions :

[00:00:00 - 00:00:17] Journaliste:
Petite fleur qui aime le froid. Depuis jeudi dernier, le thermomètre passe régulièrement en dessous de 14 degrés. Alors la petite fleur montre le bout de ses précieux pistils. Dans quelques jours, cette parcelle va se teinter de violets. Ce sera le pic de floraison.

[00:00:17 - 00:00:40] Véronique:
Si vous avez un bulbe qui est au minimum gros, comme une pièce de 2 euros, vous aurez 2 à 3 fleurs, 2 mois après la plantation. Donc, c'est rien que sur ces planches-là, déjà, on a à peu près 20 000 bulbes. Donc, on va avoir entre 40 et 60 000 fleurs, c'est-à-dire presque un demi-kilo de safran. Si tu cueilles avec la tige, elles vont faner moins vite. Ça va laisser un petit peu plus de temps pour les éplucher.

[00:00:40 - 00:00:46] Journaliste:
Cette année, Véronique Lazéra a mis 2 parcelles en culture. Elles vont fleurir jusqu'à la mi-novembre.

[00:00:46 - 00:00:59] Véronique:
Ces fleurs, on va les cueillir. Elles ne vivent que 24 heures, donc elles seront mortes demain. Donc on peut les cueillir jusqu'à demain matin. Et on va les éplucher à la maison, couper les pistils un par un pour produire le safran.

[00:00:59 - 00:01:09] Journaliste:
Car le travail du safranier ne s'arrête pas à la cueillette. Dans la foulée, il faut émonder les pistils. Une tâche délicate qui ravit le stagiaire de Véronique. Julien Barthélémy est négociant en bois. Il est conquis par le crocus.

[00:01:10 - 00:01:30] Julien:
C'est minutieux mais ça permet aussi de faire une coupure dans nos activités du quotidien parce que ça nous vide la tête. Finalement on se concentre que sur la fleur. J'ai eu envie d'en planter aussi moi, de faire un petit peu pareil que Véronique, d'en planter. Donc moi, prendre sur la Closse, mais sur le secteur de la Sologne et de m'installer prochainement avec une petite exploitation de safran.

[00:01:30 - 00:01:35] Journaliste:
Forte de ses 20 ans d'expérience, Véronique ne met que 5 heures à cueillir et éplucher 2500 fleurs. Cette année, elle devrait en avoir plus de 120 000 à récolter et transformer soit au final un peu plus d'un kilo de safran.",699,703,1.005722460658083,True,
transcript_formatted_90199cef-801b-411c-8b37-21a4097d2e1e.txt,2620,771,"[00:00:00 - 00:00:39] Voix 02 :
  Plus de deux ans après son ouverture, l'enquête préliminaire ouverte sur l'agression mortelle d'Ivan Cologne a été classée sans suite. Elle avait été ouverte en 2023 après le signalement de Jean-Félix Akwaïwa et Laurent Marcangeli dans le cadre de la commission d'enquête parlementaire au sujet de la mort d'Ivan Cologne à la Maison Centrale d'Arles.  il pointait auprès du parquet de Tarascon plusieurs dysfonctionnements de l'administration pénitentiaire, comme l'absence de prise en compte du changement de comportement de Franck et Longabe, alors qu'il était précisé dans un logiciel créé à cet effet, nommé Genesis. En clair, les deux députés de l'époque dénonçaient une possible suppression des données du logiciel. Le procureur de Tarascon s'était exprimé hier, précisant qu'aucune infraction n'avait été commise.

[00:00:41 - 00:00:53] Voix 03 :
  Après avoir mené une enquête de façon approfondie, j'ai classé sans suite le dossier début octobre, estimant que les éléments sur lesquels s'appuyait la saisine faite sur les éventuels dysfonctionnements n'étaient pas établis.

[00:00:53 - 00:01:06] Voix 02 :
 Contacté, Laurent Marcand, ancien rapporteur de la commission d'enquête parlementaire, indique simplement prendre acte de ce classement. Jean-Félix Acquahui, ancien président de cette commission, s'est exprimé sur les réseaux sociaux. Il s'étonne de cette décision.

[00:01:08 - 00:01:23] Voix 00 :
  Sur la forme et les délais, deux ans et trois mois pour rédigérer une lettre de classement sans suite dont le contenu est flou et nettement insuffisant quant aux justifications avancées, c'est donner le sentiment que l'on ne veut pas enquêter comme il se doit, que l'on cherche à enterrer l'affaire.

[00:01:23 - 00:01:35] Voix 02 :
 Les conseils de Christine et Stéphane Colon ont rédigé un communiqué dans lequel il s'étonne de la concomitance entre le classement sans suite de cette enquête et la notification de fin d'information de la procédure judiciaire concernant le décès d'Yvon Colon.

[00:01:36 - 00:01:53] Voix 01 :
  Nos clients, soeurs et frères d'Iván Colón, à qui attendent depuis plus de trois années que toute la lumière soit faite sur les conditions exactes du drame survenu au sein de la maison centrale d'Arles, ne peuvent que s'inquiéter de ce calendrier procédural et des conséquences qu'il pourrait avoir sur la manifestation de la vérité et la détermination des responsabilités.

[00:01:54 - 00:01:59] Voix 02 :
 Les avocats demandent également aux parlementaires à l'initiative de cette enquête de porter plainte devant un juge d'instruction.","Voici la transcription post-traitée :

[00:00:00 - 00:00:39] **Journaliste:** Plus de deux ans après son ouverture, l'enquête préliminaire ouverte sur l'agression mortelle d'Yvan Colonna a été classée sans suite. Elle avait été ouverte en 2023 après le signalement de Jean-Félix Acquaviva et Laurent Marcangeli dans le cadre de la commission d'enquête parlementaire au sujet de la mort d'Yvan Colonna à la Maison Centrale d'Arles. Ils pointaient auprès du parquet de Tarascon plusieurs dysfonctionnements de l'administration pénitentiaire, comme l'absence de prise en compte du changement de comportement de Franck Elongabé, alors qu'il était précisé dans un logiciel créé à cet effet, nommé Genesis. En clair, les deux députés de l'époque dénonçaient une possible suppression des données du logiciel. Le procureur de Tarascon s'était exprimé hier, précisant qu'aucune infraction n'avait été commise.

<br>
<br>

[00:00:41 - 00:00:53] **Procureur de Tarascon:** Après avoir mené une enquête de façon approfondie, j'ai classé sans suite le dossier début octobre, estimant que les éléments sur lesquels s'appuyait la saisine faite sur les éventuels dysfonctionnements n'étaient pas établis.

<br>
<br>

[00:00:53 - 00:01:06] **Journaliste:** Contacté, Laurent Marcangeli, ancien rapporteur de la commission d'enquête parlementaire, indique simplement prendre acte de ce classement. Jean-Félix Acquaviva, ancien président de cette commission, s'est exprimé sur les réseaux sociaux. Il s'étonne de cette décision.

<br>
<br>

[00:01:08 - 00:01:23] **Jean-Félix Acquaviva:** Sur la forme et les délais, deux ans et trois mois pour rédiger une lettre de classement sans suite dont le contenu est flou et nettement insuffisant quant aux justifications avancées, c'est donner le sentiment que l'on ne veut pas enquêter comme il se doit, que l'on cherche à enterrer l'affaire.

<br>
<br>

[00:01:23 - 00:01:35] **Journaliste:** Les conseils de Christine et Stéphane Colonna ont rédigé un communiqué dans lequel ils s'étonnent de la concomitance entre le classement sans suite de cette enquête et la notification de fin d'information de la procédure judiciaire concernant le décès d'Yvan Colonna.

<br>
<br>

[00:01:36 - 00:01:53] **Avocat:** Nos clients, sœurs et frères d'Yvan Colonna, qui attendent depuis plus de trois années que toute la lumière soit faite sur les conditions exactes du drame survenu au sein de la maison centrale d'Arles, ne peuvent que s'inquiéter de ce calendrier procédural et des conséquences qu'il pourrait avoir sur la manifestation de la vérité et la détermination des responsabilités.

<br>
<br>

[00:01:54 - 00:01:59] **Journaliste:** Les avocats demandent également aux parlementaires à l'initiative de cette enquête de porter plainte devant un juge d'instruction.",771,814,1.0557717250324254,True,
transcript_formatted_621cb033-e87c-437a-a7bf-dbd4f5ea8eeb.txt,2090,660,"[00:00:00 - 00:00:31] Voix 02 :
  Elle se découvre et se trouve belle, nue, la poitrine couverte d'un bouquet de fleurs.  Dans cette épatte de Saint-Pierre-du-Beaugerard, 15 résidentes et 25 salariés de l'établissement ont fait tomber le haut pour lever les tabous sur le cancer du sein. On est quand même fiers de participer. Moi qui n'aime pas qu'on me prenne en photo, c'est état très bien. Au total, une quarantaine de clichés sont exposés, des photographies pleines de délicatesse que cette résidente chérie désormais.

[00:00:33 - 00:00:46] Voix 01 :
 Au départ, je m'attendais pas si bien.  Parce que quand même, je suis très vieille. Mais vraiment, j'ai été surprise. Et c'est là que j'ai fait rire tout le monde. Parce que je me suis comparée à la reine d'Angleterre.

[00:00:46 - 00:00:53] Voix 02 :
 Rire et se réjouir du souvenir de ses photos, malgré la douleur. Il y a peu, Claudine a justement perdu sa fille d'un cancer du sein.

[00:00:54 - 00:01:15] Voix 01 :
 Je savais que ce serait la catastrophe.  parce que malheureusement, elle est allée à l'hôpital faire des examens. Et quand on m'a dit que ça envahissait, j'ai compris que ça allait être rapide. Et en effet, elle est partie et il y a deux mois que je suis très malheureuse, bien sûr.

[00:01:16 - 00:01:29] Voix 02 :
  Les photos rendent donc hommage à toutes les femmes touchées par le cancer. Ici, les muses ont entre 24 et 98 ans. La photographe derrière l'objectif est une ancienne infirmière, particulièrement sensible à la cause.

[00:01:30 - 00:01:50] Voix 00 :
  L'émotion, elle était pendant la séance, pour elle comme pour moi. Et là, j'avoue que le jour où on a accroché tous les tableaux, j'ai senti que ça montait un petit peu. Je suis extrêmement fière de l'initiative de la résidence, d'abord, de toutes ces femmes qui ont participé. Et puis d'ailleurs avoir participé, moi aussi, comme j'ai pu à travers mes images.

[00:01:50 - 00:01:57] Voix 02 :
 Les photographies seront exposées ici tout le mois d'octobre et pourraient avoir par la suite une autre vie en dehors des murs de l'établissement.","Voici la transcription post-traitée :

[00:00:00 - 00:00:31] Journaliste: Elle se découvre et se trouve belle, nue, la poitrine couverte d'un bouquet de fleurs. Dans cette Ehpad de Saint-Pierre-du-Beaugerard, 15 résidentes et 25 salariés de l'établissement ont fait tomber le haut pour lever les tabous sur le cancer du sein. On est quand même fiers de participer. Moi qui n'aime pas qu'on me prenne en photo, c'était très bien. Au total, une quarantaine de clichés sont exposés, des photographies pleines de délicatesse que cette résidente chérie désormais.

[00:00:33 - 00:00:46] Invitée: Au départ, je ne m'attendais pas à si bien. Parce que, quand même, je suis très vieille. Mais vraiment, j'ai été surprise. Et c'est là que j'ai fait rire tout le monde. Parce que je me suis comparée à la reine d'Angleterre.

[00:00:46 - 00:00:53] Journaliste: Rire et se réjouir du souvenir de ses photos, malgré la douleur. Il y a peu, Claudine a justement perdu sa fille d'un cancer du sein.

[00:00:54 - 00:01:15] Invitée: Je savais que ce serait la catastrophe. Parce que, malheureusement, elle est allée à l'hôpital faire des examens. Et quand on m'a dit que ça envahissait, j'ai compris que ça allait être rapide. Et en effet, elle est partie et il y a deux mois que je suis très malheureuse, bien sûr.

[00:01:16 - 00:01:29] Journaliste: Les photos rendent donc hommage à toutes les femmes touchées par le cancer. Ici, les muses ont entre 24 et 98 ans. La photographe derrière l'objectif est une ancienne infirmière, particulièrement sensible à la cause.

[00:01:30 - 00:01:50] Photographe: L'émotion, elle était pendant la séance, pour elle comme pour moi. Et là, j'avoue que le jour où on a accroché tous les tableaux, j'ai senti que ça montait un petit peu. Je suis extrêmement fière de l'initiative de la résidence, d'abord, de toutes ces femmes qui ont participé. Et puis d'avoir participé, moi aussi, comme j'ai pu, à travers mes images.

[00:01:50 - 00:01:57] Journaliste: Les photographies seront exposées ici tout le mois d'octobre et pourraient avoir par la suite une autre vie en dehors des murs de l'établissement.",660,654,0.990909090909091,True,
transcript_formatted_5050a28f-1d30-42b2-9469-54241452c7ac.txt,331,102,"[00:00:00 - 00:00:04] Voix 00 :
  humisation et théramation, ça va être une question durée justement. L'humisation, c'est un processus plus lent qu'on laisse aboutir, aller jusqu'au bout, et qui va prendre environ 12 mois, alors que la théramation, telle qu'elle est pratiquée aux États-Unis, ça dure environ entre un et deux mois.","Voici la transcription post-traitée :

[00:00:00 - 00:00:04] Voix 00 :
  Humisation et théramation, ça va être une question de durée justement. L'humisation, c'est un processus plus lent qu'on laisse aboutir, aller jusqu'au bout, et qui va prendre environ 12 mois, alors que la théramation, telle qu'elle est pratiquée aux États-Unis, ça dure environ entre un et deux mois.",102,112,1.0980392156862746,True,
transcript_formatted_fde78672-7b48-4dcb-895b-f8551f37d346.txt,89,46,"[00:00:00 - 00:00:01] Voix 02 :
  Gérard, oui !

[00:00:01 - 00:00:01] Voix -- :
 Bravo !","[00:00:00 - 00:00:01] Voix 02 :
Gérard, oui !

[00:00:01 - 00:00:01] Voix -- :
Bravo !",46,46,1.0,True,
transcript_formatted_9306a3fa-a435-44d6-bdf0-57224c58bbaa.txt,2109,756,"[00:00:00 - 00:00:09] Voix 00 :
  Ce matin-là au menu, pas de dictée non, mais une séance d'éducation au goût.

[00:00:09 - 00:00:11] Voix 01 :
 Est-ce que vous savez pourquoi je suis là ?

[00:00:11 - 00:00:22] Voix 00 :
  Aux élèves de l'école Mazenot, dans le 3e arrondissement de Lyon, la chef étoilée Tabata May présente la carotte dans tous ses états. On commence par la version crue.

[00:00:22 - 00:00:24] Voix 01 :
 On voit plein de petits labans, j'entends croquer, c'est bien.

[00:00:24 - 00:00:26] Voix 00 :
 Première réaction sur la texture. Elle était craquante.

[00:00:26 - 00:00:34] Voix 01 :
 Enfin, ça craquait un petit peu. Qu'est-ce que tu n'aimes pas trop ? Les carottes crutes.

[00:00:34 - 00:00:39] Voix 00 :
 Après les carottes crutes, on passe à la version cuite, nettement moins savoureuse.

[00:00:39 - 00:00:41] Voix 01 :
  Il est parti où, les goûts de la carotte ?

[00:00:41 - 00:00:48] Voix 00 :
 Les saveurs, l'amertume, l'acidité. Le but de l'exercice est de tester son palais.

[00:00:48 - 00:01:01] Voix 01 :
 Tout au long de votre vie, vos goûts alimentaires, vos goûts pour les aliments, ils vont changer. C'est normal. C'est pour ça qu'au fur et à mesure, il faut continuer à essayer de goûter des choses.

[00:01:01 - 00:01:06] Voix 00 :
 Mais quand arrive le jus de carotte fermentée, les grimaces disent mieux qu'un long discours.

[00:01:18 - 00:01:30] Voix 01 :
  Il y a un goût très fort, amer. Tout ce qui est produit fermenté, donc la fermentation, ça aide énormément à développer la flore intestinale, dont les systèmes immunitaires.

[00:01:30 - 00:01:35] Voix 00 :
 Salés, pétillants, légèrement acidulés. Pas facile à avaler.

[00:01:35 - 00:01:45] Voix 01 :
 Ils étaient top parce qu'ils ont tout bu. Ils étaient super curieux. Pourtant, je me suis dit, c'est pas gagné, mais ils ont joué les jeux, c'est génial. C'est la curiosité de l'enfant qui est top.

[00:01:46 - 00:01:57] Voix 00 :
  Évidemment, le cake à la carotte passe beaucoup mieux. C'est souvent comme ça pour la semaine du goût. On ne laisse pas une miette dans l'assiette, enfin presque.","Voici la transcription post-traitée :

[00:00:00 - 00:00:09]
Narrateur: Ce matin-là, au menu, pas de dictée, non, mais une séance d'éducation au goût.

[00:00:09 - 00:00:11]
Chef Tabata May: Est-ce que vous savez pourquoi je suis là ?

[00:00:11 - 00:00:22]
Narrateur: Aux élèves de l'école Mazenot, dans le 3e arrondissement de Lyon, la cheffe étoilée Tabata May présente la carotte dans tous ses états. On commence par la version crue.

[00:00:22 - 00:00:24]
Chef Tabata May: On voit plein de petits labans, j'entends croquer, c'est bien.

[00:00:24 - 00:00:26]
Narrateur: Première réaction sur la texture : elle était craquante.

[00:00:26 - 00:00:34]
Chef Tabata May: Enfin, ça craquait un petit peu. Qu'est-ce que tu n'aimes pas trop ? Les carottes crues.

[00:00:34 - 00:00:39]
Narrateur: Après les carottes crues, on passe à la version cuite, nettement moins savoureuse.

[00:00:39 - 00:00:41]
Chef Tabata May: Il est parti où, les goûts de la carotte ?

[00:00:41 - 00:00:48]
Narrateur: Les saveurs, l'amertume, l'acidité... Le but de l'exercice est de tester son palais.

[00:00:48 - 00:01:01]
Chef Tabata May: Tout au long de votre vie, vos goûts alimentaires, vos goûts pour les aliments, ils vont changer. C'est normal. C'est pour ça qu'au fur et à mesure, il faut continuer à essayer de goûter des choses.

[00:01:01 - 00:01:06]
Narrateur: Mais quand arrive le jus de carotte fermenté, les grimaces disent mieux qu'un long discours.

[00:01:18 - 00:01:30]
Chef Tabata May: Il y a un goût très fort, amer. Tout ce qui est produit fermenté, donc la fermentation, ça aide énormément à développer la flore intestinale, dont les systèmes immunitaires.

[00:01:30 - 00:01:35]
Narrateur: Salé, pétillant, légèrement acidulé. Pas facile à avaler.

[00:01:35 - 00:01:45]
Chef Tabata May: Ils étaient tops parce qu'ils ont tout bu. Ils étaient super curieux. Pourtant, je me suis dit : ""C'est pas gagné"", mais ils ont joué le jeu, c'est génial. C'est la curiosité de l'enfant qui est top.

[00:01:46 - 00:01:57]
Narrateur: Évidemment, le cake à la carotte passe beaucoup mieux. C'est souvent comme ça pour la Semaine du Goût. On ne laisse pas une miette dans l'assiette, enfin presque.",756,749,0.9907407407407407,True,
transcript_formatted_7078edf2-0f38-401b-848e-1c057619c0b8.txt,1343,441,"[00:00:00 - 00:00:07] Voix 00 :
  Voici une sépulture qui pourrait peut-être bientôt révolutionner nos cimetières. Son nom, la Juliana.

[00:00:07 - 00:00:18] Voix 02 :
 Le principe, c'est une tombe végétalisée que l'on apporte avec de l'acier corten. On peut voir ici avec sa patine rouille. Et puis la partie aussi végétale, le tapis de sédum.

[00:00:18 - 00:00:25] Voix 00 :
 Fruit de l'imagination d'une jeune entreprise néorthèse, les deux associés préparent ce matin leur septième livraison.

[00:00:25 - 00:00:26] Voix 02 :
 On la pose ici.

[00:00:28 - 00:00:52] Voix 00 :
  c'est la tombale donc elle est fabriquée en acier corten c'est un acier spécifique qui se patine par la rouille ça donne une carapace de protection c'est quelque chose qui va durer très très très longtemps dans le temps à l'intérieur des billes d'argile permettent de conserver l'humidité elles sont recouvertes d'un textile pour accueillir le terreau par dessus un tapis végétal de sédum vient apporter la touche finale

[00:00:53 - 00:00:57] Voix 01 :
  C'est une plante qui est très résistante, qui nécessite peu d'entretien et à croissance lente. Et le gros avantage aussi, c'est qu'une plante qui va être fleurie à tous les printemps. Alors on ne maîtrise pas la couleur lorsqu'on l'installe, mais on va généralement voir des couleurs blanches ou rouges.","Voici la transcription post-traitée :

[00:00:00 - 00:00:07] Journaliste:
Voici une sépulture qui pourrait peut-être bientôt révolutionner nos cimetières. Son nom, la Juliana.

[00:00:07 - 00:00:18] Associé 1:
Le principe, c'est une tombe végétalisée que l'on apporte avec de l'acier Corten. On peut voir ici, avec sa patine rouille. Et puis, la partie aussi végétale, le tapis de sédum.

[00:00:18 - 00:00:25] Journaliste:
Fruit de l'imagination d'une jeune entreprise niortaise, les deux associés préparent ce matin leur septième livraison.

[00:00:25 - 00:00:26] Associé 1:
On la pose ici.

[00:00:28 - 00:00:52] Journaliste:
C'est la tombale, donc elle est fabriquée en acier Corten, c'est un acier spécifique qui se patine par la rouille. Ça donne une carapace de protection, c'est quelque chose qui va durer très, très, très longtemps dans le temps. À l'intérieur, des billes d'argile permettent de conserver l'humidité. Elles sont recouvertes d'un textile pour accueillir le terreau. Par-dessus, un tapis végétal de sédum vient apporter la touche finale.

[00:00:53 - 00:00:57] Associé 2:
C'est une plante qui est très résistante, qui nécessite peu d'entretien et à croissance lente. Et le gros avantage aussi, c'est qu'une plante qui va être fleurie à tous les printemps. Alors, on ne maîtrise pas la couleur lorsqu'on l'installe, mais on va généralement voir des couleurs blanches ou rouges.",441,457,1.036281179138322,True,
transcript_formatted_b7e7e11e-fc3a-4879-b97e-610314a69c41.txt,2460,734,"[00:00:00 - 00:00:14] Voix 00 :
  Bonjour à tous, on est aujourd'hui devant le tribunal de Besançon. C'est ici, devant la Cour d'Assise du Doubs qui jugeait pendant 3 mois et demi Frédéric Péché, anesthésiste accusé de multiples empoisonnements. Nous, on est allé à la rencontre de Valentin Pasquet, dessinateur judiciaire pour France 3 Franche-Comté.

[00:00:15 - 00:00:21] Voix 01 :
  Ma mission c'est de remplacer la caméra et la vidéo qui sont interdites en salle d'audience lorsque l'audience démarre. On a tout le monde à porter de deuil pour pouvoir dessiner un peu tous ces acteurs du procès et pouvoir raconter au mieux les débats. Moi j'apparente ça un peu à une pièce de théâtre avec des acteurs qui s'infectivent, qui parlent, qui essaient de montrer des preuves.  Dans les salles d'audience, on essaie d'avoir un matériel qui prend peu de place, avec des techniques qui nous permettent d'être rapides. En gros, moi j'utilise du crayon, de l'encre avec lequel je dessine, et après pour la peinture j'utilise d'aquarelle. C'est une technique de couleur qui permet de sécher très rapidement.  On a un accusé qui bouge peu, c'est assez facile de le dessiner. Puis physiquement, il a des traits qui sont assez creusés, une barbe qui lui barre vraiment toute la fin du visage. Des petits yeux, des yeux assez sombres, assez persants qui fixent les gens qu'il dépose à la barre. Donc on le sent concentré, il discute beaucoup avec son avocat aussi, Maître Schördorfer.  Il faut aussi allier ça avec une notion de vitesse pour les dessins. C'est entre 35 minutes et 2 heures, 2 heures et demi je dirais. On a vraiment des délais pour le rendre donc je sors de la salle, je scanne mon dessin, je l'envoie à la rédaction et du coup ça atterrit à la télé et sur le site internet.  Moi je suis journaliste à côté, aucun de nous n'est dessinateur judiciaire à plein temps, ça n'existe pas. J'ai 6-7 ans, je crois, d'expérience. Parmi les plus connus peut-être par le grand public, il y a le procès des attentats du 13 novembre, il y a eu le procès des viols de Mazan, là où l'affaire Pellico, puis le procès lelandais, le procès d'Aval aussi en Franche-Comté. Nous on a la chance entre guillemets de moins se focaliser sur les détails des récits. On peut à un moment donné entre guillemets fermer les écoutis et se focaliser sur la feuille de papier.  J'aime beaucoup dessiner et c'est génial d'avoir la chance d'être rémunéré pour une activité qui nous plaît.","Voici la transcription post-traitée, conformément à vos instructions :

[00:00:00 - 00:00:14] Présentateur:
Bonjour à tous, on est aujourd'hui devant le tribunal de Besançon. C'est ici, devant la Cour d'Assises du Doubs qui jugeait pendant trois mois et demi Frédéric Péché, anesthésiste accusé de multiples empoisonnements. Nous, on est allé à la rencontre de Valentin Pasquet, dessinateur judiciaire pour France 3 Franche-Comté.

[00:00:15 - 00:00:21] Valentin Pasquet:
Ma mission, c'est de remplacer la caméra et la vidéo qui sont interdites en salle d'audience lorsque l'audience démarre. On a tout le monde à portée de vue pour pouvoir dessiner un peu tous ces acteurs du procès et pouvoir raconter au mieux les débats. Moi, j'apparente ça un peu à une pièce de théâtre avec des acteurs qui s'activent, qui parlent, qui essaient de montrer des preuves. Dans les salles d'audience, on essaie d'avoir un matériel qui prend peu de place, avec des techniques qui nous permettent d'être rapides. En gros, moi, j'utilise du crayon, de l'encre avec lequel je dessine, et après pour la peinture, j'utilise de l'aquarelle. C'est une technique de couleur qui permet de sécher très rapidement. On a un accusé qui bouge peu, c'est assez facile de le dessiner. Puis physiquement, il a des traits qui sont assez creusés, une barbe qui lui barre vraiment toute la fin du visage. Des petits yeux, des yeux assez sombres, assez perçants qui fixent les gens qu'il dépose à la barre. Donc on le sent concentré, il discute beaucoup avec son avocat aussi, Maître Schördorfer. Il faut aussi allier ça avec une notion de vitesse pour les dessins. C'est entre 35 minutes et deux heures, deux heures et demi, je dirais. On a vraiment des délais pour le rendre donc je sors de la salle, je scanne mon dessin, je l'envoie à la rédaction et du coup ça atterrit à la télé et sur le site internet. Moi, je suis journaliste à côté, aucun de nous n'est dessinateur judiciaire à plein temps, ça n'existe pas. J'ai six, sept ans, je crois, d'expérience. Parmi les plus connus, peut-être par le grand public, il y a le procès des attentats du 13 novembre, il y a eu le procès des viols de Mazan, l'affaire Pellico, puis le procès Lelandais, le procès Daval aussi en Franche-Comté. Nous, on a la chance, entre guillemets, de moins se focaliser sur les détails des récits. On peut à un moment donné, entre guillemets, fermer les écoutilles et se focaliser sur la feuille de papier. J'aime beaucoup dessiner et c'est génial d'avoir la chance d'être rémunéré pour une activité qui nous plaît.",734,748,1.0190735694822888,True,
transcript_formatted_f4c54f75-08dc-445e-a98b-767f3cd6dfe4.txt,136,51,"[00:00:00 - 00:00:04] Voix 01 :
  Donc pour tous, franchissement de la butte, une fois sur la butte, on revient à la vague de râtissage.","[00:00:00 - 00:00:04] Voix 01:
Donc pour tous, franchissement de la butte, une fois sur la butte, on revient à la vague de râtissage.",51,50,0.9803921568627451,True,
transcript_formatted_8c4e7a93-be7f-4e83-8d06-2ae6e640a178.txt,1923,616,"[00:00:01 - 00:00:15] Voix 02 :
  Dans cette format 6 située au coeur d'IFTO, la saison des vaccins a commencé. Alexandre est l'un des premiers patients de la journée. Le jeune homme fait partie des personnes à risque. Il doit donc se protéger contre les virus hivernaux.

[00:00:15 - 00:00:28] Voix 00 :
 De la grippe comme chaque année. Depuis que je suis diabétique, ça m'évite de l'attraper fortement et de ne pas être bien une semaine ou plus. Maintenant, si je l'attrape, je ne suis pas bien trois jours et après ça va.

[00:00:29 - 00:00:40] Voix 02 :
  Pour cette retraitée, la petite piqûre du mois d'octobre est une habitude à laquelle elle ne déroge jamais, d'autant que la vaccination est gratuite pour les personnes de plus de 65 ans.

[00:00:40 - 00:00:50] Voix 04 :
 Quand on prend de l'âge, il faut mieux se protéger. Déjà, on peut protéger aussi les autres, parce que si on leur donne... Donc voilà, il faut les faire, les vaccins.

[00:00:50 - 00:01:03] Voix 03 :
 Obligatoires. Moi, j'ai eu des soucis de santé étant plus jeune, mais c'est pour ça que je fais la grippe après.  Donc on m'avait conseillé de la faire, donc j'ai toujours fait. Puis le Covid, j'ai fait tous les ans.

[00:01:03 - 00:01:19] Voix 02 :
 Dans cette officine, la campagne de vaccination a commencé avant la date officielle du 14 octobre. Les doses ont été livrées très tôt cette année. Pour la responsable, les personnes à risque devraient systématiquement recevoir leur dose sans attendre les premiers froids.

[00:01:19 - 00:01:34] Voix 01 :
 C'est important pour fabriquer des anticorps et que même si on attrape cette maladie, on l'aura mais d'une façon beaucoup plus atténuée.  Il faut 15 jours pour fabriquer des anticorps. Le but, c'est de la faire le plus tôt possible.

[00:01:34 - 00:01:41] Voix 02 :
 En Normandie, en 2024, seulement 57 % des personnes âgées ont été vaccinées contre la grippe, contre 75 % attendues.","```
[00:00:01 - 00:00:15] Journaliste:

Dans cette pharmacie située au cœur d'Ifs, la saison des vaccins a commencé. Alexandre est l'un des premiers patients de la journée. Le jeune homme fait partie des personnes à risque. Il doit donc se protéger contre les virus hivernaux.

[00:00:15 - 00:00:28] Invité:

De la grippe, comme chaque année. Depuis que je suis diabétique, ça m'évite de l'attraper fortement et de ne pas être bien une semaine ou plus. Maintenant, si je l'attrape, je ne suis pas bien trois jours et après, ça va.

[00:00:29 - 00:00:40] Journaliste:

Pour cette retraitée, la petite piqûre du mois d'octobre est une habitude à laquelle elle ne déroge jamais, d'autant que la vaccination est gratuite pour les personnes de plus de 65 ans.

[00:00:40 - 00:00:50] Retraitée:

Quand on prend de l'âge, il faut mieux se protéger. Déjà, on peut protéger aussi les autres, parce que si on leur donne... Donc voilà, il faut les faire, les vaccins.

[00:00:50 - 01:03] Invitée 2:

Obligatoires. Moi, j'ai eu des soucis de santé étant plus jeune, mais c'est pour ça que je fais la grippe après. Donc on m'avait conseillé de la faire, donc j'ai toujours fait. Puis le Covid, j'ai fait tous les ans.

[01:03 - 01:19] Journaliste:

Dans cette officine, la campagne de vaccination a commencé avant la date officielle du 14 octobre. Les doses ont été livrées très tôt cette année. Pour la responsable, les personnes à risque devraient systématiquement recevoir leur dose sans attendre les premiers froids.

[01:19 - 01:34] Responsable:

C'est important pour fabriquer des anticorps et que, même si on attrape cette maladie, on l'aura mais d'une façon beaucoup plus atténuée. Il faut 15 jours pour fabriquer des anticorps. Le but, c'est de la faire le plus tôt possible.

[01:34 - 01:41] Journaliste:

En Normandie, en 2024, seulement 57 % des personnes âgées ont été vaccinées contre la grippe, contre 75 % attendues.
```",616,592,0.961038961038961,True,
transcript_formatted_df789797-0681-4b98-ad50-3ebe9aebf8f9.txt,2572,791,"[00:00:00 - 00:00:19] Voix 01 :
  La campagne de vaccination contre la grippe et le Covid-19 commence donc aujourd'hui. L'an dernier, la faible couverture vaccinale a conduit à une épidémie de grippe particulièrement virulente avec plus de 17 000 décès en France. Un lancement de campagne alors qu'une pénurie d'autotest est à déplorer dans les pharmacies. Mathieu Caillot avec Gilles Beuzou et Antoine Joubeau.

[00:00:21 - 00:00:36] Voix 00 :
  À peine quelques boîtes d'autotest sur les étagères et plus aucun test Covid-GRIP disponible. Comme de nombreuses pharmacies, cette officine du 19e arrondissement a été dévalisée la semaine dernière, après les annonces des 33 000 cas de Covid recensés.

[00:00:36 - 00:00:50] Voix 05 :
 Effectivement, on en manque un petit peu. On a du mal à s'en procurer, mais bon, on arrive à avoir quand même un petit stock, mais il part très, très vite. On regarde tous les jours si on peut en commander. Et sinon, on essaye de renvoyer vers des confrères à nous qui en auraient encore un stock et ce genre de choses.

[00:00:51 - 00:01:04] Voix 00 :
  Cet hiver, les tests Covid réalisés en pharmacie ne sont plus pris en charge par la Sécu. Ils sont plus fiables mais coûtent 16,50€ au lieu de 3,90€ pour un autotest. 150 000 ont donc été vendus la semaine dernière, provoquant cette pénurie.

[00:01:04 - 00:01:09] Voix 02 :
 Je viens pour le vaccin de la grippe et du Covid.

[00:01:09 - 00:01:17] Voix 00 :
 Et puisqu'il vaut mieux prévenir que guérir, le vaccin contre la grippe est disponible à partir d'aujourd'hui. Ce patient en profite pour faire les deux injections.

[00:01:18 - 00:01:23] Voix 03 :
  Je peux te faire les deux vaccins, grippe et Covid, à un à deux centimètres d'intervalle ?

[00:01:25 - 00:01:38] Voix 02 :
  Faut mieux commencer plus tôt. Et comme c'est des vaccins qui durent très longtemps, en moyenne six mois, donc autant commencer tout de suite des débats pour éviter tous ces microbes qu'on a un peu partout dans le métro, dans le bus ou autre.

[00:01:38 - 00:01:55] Voix 04 :
 Maintenant que les vaccinations sont en officier, c'est plus de travail, mais plus de travail intéressant. Et aussi, ça augmente le nombre de personnes vaccinées, Covid et grippe, ce qui est bien. Ça décharge les médecins et pour les personnes, c'est plus facile. Donc ils viennent plus facilement se faire vacciner contre le Covid et la grippe.

[00:01:56 - 00:02:02] Voix 00 :
  Après la recrudescence des cas de Covid, les professionnels de santé détectent également une préconcité dans les cas de grippe cette année.","Voici la transcription post-traitée, respectant les consignes de contrôle qualité et de post-traitement IA pour France Télévisions :

[00:00:00 - 00:00:19] **Présentateur :**
La campagne de vaccination contre la grippe et le Covid-19 commence donc aujourd'hui. L'an dernier, la faible couverture vaccinale a conduit à une épidémie de grippe particulièrement virulente avec plus de 17 000 décès en France. Un lancement de campagne alors qu'une pénurie d'autotest est à déplorer dans les pharmacies. Mathieu Caillot avec Gilles Beuzou et Antoine Joubeau.

[00:00:21 - 00:00:36] **Journaliste :**
À peine quelques boîtes d'autotest sur les étagères et plus aucun test Covid-GRIP disponible. Comme de nombreuses pharmacies, cette officine du 19e arrondissement a été dévalisée la semaine dernière, après les annonces des 33 000 cas de Covid recensés.

[00:00:36 - 00:00:50] **Pharmacien :**
Effectivement, on en manque un petit peu. On a du mal à s'en procurer, mais bon, on arrive à avoir quand même un petit stock, mais il part très, très vite. On regarde tous les jours si on peut en commander. Et sinon, on essaie de renvoyer vers des confrères à nous qui en auraient encore un stock et ce genre de choses.

[00:00:51 - 00:01:04] **Journaliste :**
Cet hiver, les tests Covid réalisés en pharmacie ne sont plus pris en charge par la Sécu. Ils sont plus fiables mais coûtent 16,50 € au lieu de 3,90 € pour un autotest. 150 000 ont donc été vendus la semaine dernière, provoquant cette pénurie.

[00:01:04 - 00:01:09] **Patient :**
Je viens pour le vaccin de la grippe et du Covid.

[00:01:09 - 00:01:17] **Journaliste :**
Et puisqu'il vaut mieux prévenir que guérir, le vaccin contre la grippe est disponible à partir d'aujourd'hui. Ce patient en profite pour faire les deux injections.

[00:01:18 - 00:01:23] **Pharmacien :**
Je peux te faire les deux vaccins, grippe et Covid, à un à deux centimètres d'intervalle ?

[00:01:25 - 00:01:38] **Patient :**
Faut mieux commencer plus tôt. Et comme c'est des vaccins qui durent très longtemps, en moyenne six mois, donc autant commencer tout de suite dès à présent pour éviter tous ces microbes qu'on a un peu partout dans le métro, dans le bus ou autre.

[00:01:38 - 00:01:55] **Pharmacien :**
Maintenant que les vaccinations sont en officine, c'est plus de travail, mais plus de travail intéressant. Et aussi, ça augmente le nombre de personnes vaccinées, Covid et grippe, ce qui est bien. Ça décharge les médecins et pour les personnes, c'est plus facile. Donc ils viennent plus facilement se faire vacciner contre le Covid et la grippe.

[00:01:56 - 00:02:02] **Journaliste :**
Après la recrudescence des cas de Covid, les professionnels de santé détectent également une précocité dans les cas de grippe cette année.",791,818,1.034134007585335,True,
transcript_formatted_457fca99-d6f0-4786-b1f0-6252018a8311.txt,1915,597,"[00:00:00 - 00:00:07] Voix 03 :
  La façade porte encore les traces des cambriolages. Ce week-end, deux nuits d'affilée, cet établissement a été victime de voitures baignées.

[00:00:08 - 00:00:23] Voix 01 :
  Il y a une voiture bélier qui est rentrée dans le bar et le gars il est vite passé derrière comme ça là et puis il est venu prendre son sac. Après le système de sécurité s'est mis en route et donc 50 secondes on va dire le temps qu'il fasse son affaire et il sort parti.

[00:00:23 - 00:00:38] Voix 03 :
 Montante du butin 2200 euros de cigarettes. Les faits ont été enregistrés par les caméras de l'établissement mais aussi par celles de la commune. Elles sont en cours d'exploitation. Le maire veut renforcer le système de vidéosurveillance mais en mesure aussi les limites.

[00:00:38 - 00:00:55] Voix 02 :
  Non seulement on ne peut pas faire grand chose, mais il faut savoir quand même qu'en 6 ans de mandat, c'est la première fois que ça arrive. Et malheureusement, ce tact odieux à poignet n'est pas le seul concerné puisque Saint-Georges, Monneto, Cherbuy, Villefargeau et d'autres communes ont été également touchés.

[00:00:55 - 00:01:07] Voix 03 :
 À seulement quelques kilomètres, cet autre bar tabac a lui aussi fait l'objet d'un cambriolage. Dans la nuit de dimanche à lundi, 5500 euros de cigarettes, là encore, ont été dérobés selon cette gérante. Elle est toujours sous le choc.

[00:01:08 - 00:01:24] Voix 00 :
  C'est vraiment dur à encaisser. Mais bon, il n'y a pas d'agression physique non plus. Mais bon, ils rentrent chez vous quand même. Et voilà, moi, je suis contre le vol. Et puis non, je ne supporte pas ça. Pour moi, c'est... Ah non, je suis en colère depuis hier, c'est atroce.

[00:01:24 - 00:01:28] Voix 03 :
 Plusieurs bars, tabas et commerces de l'Océrois seraient la cible de cambriolage ces dernières semaines. Solicité, le parquet confirme qu'une enquête est en cours.","Voici la transcription post-traitée :

[00:00:00 - 00:00:07] Voix 03 :
La façade porte encore les traces des cambriolages. Ce week-end, deux nuits d'affilée, cet établissement a été victime de voitures béliers.

[00:00:08 - 00:00:23] Voix 01 :
Il y a une voiture bélier qui est rentrée dans le bar, et le gars, il est vite passé derrière comme ça là, et puis il est venu prendre son sac. Après, le système de sécurité s'est mis en route et donc 50 secondes, on va dire, le temps qu'il fasse son affaire, et il est reparti.

[00:00:23 - 00:00:38] Voix 03 :
Montant du butin : 2200 euros de cigarettes. Les faits ont été enregistrés par les caméras de l'établissement, mais aussi par celles de la commune. Elles sont en cours d'exploitation. Le maire veut renforcer le système de vidéosurveillance, mais en mesure aussi les limites.

[00:00:38 - 00:00:55] Voix 02 :
Non seulement on ne peut pas faire grand-chose, mais il faut savoir quand même qu'en six ans de mandat, c'est la première fois que ça arrive. Et malheureusement, cet acte odieux n'est pas le seul concerné puisque Saint-Georges, Monéteau, Chemilly, Villefargeau et d'autres communes ont été également touchés.

[00:00:55 - 00:01:07] Voix 03 :
À seulement quelques kilomètres, cet autre bar-tabac a lui aussi fait l'objet d'un cambriolage. Dans la nuit de dimanche à lundi, 5500 euros de cigarettes, là encore, ont été dérobés selon cette gérante. Elle est toujours sous le choc.

[00:01:08 - 00:01:24] Voix 00 :
C'est vraiment dur à encaisser. Mais bon, il n'y a pas d'agression physique non plus. Mais bon, ils rentrent chez vous quand même. Et voilà, moi, je suis contre le vol. Et puis non, je ne supporte pas ça. Pour moi, c'est... Ah non, je suis en colère depuis hier, c'est atroce.

[00:01:24 - 00:01:28] Voix 03 :
Plusieurs bars-tabacs et commerces de l'Auxerrois seraient la cible de cambriolages ces dernières semaines. Sollicité, le parquet confirme qu'une enquête est en cours.",597,612,1.0251256281407035,True,
transcript_formatted_f9b9a214-a756-4477-b14e-f74d71d7ff97.txt,1233,395,"[00:00:00 - 00:00:03] Voix 01 :
  Qu'est-ce qu'elles ont de particulier ces enforts ?

[00:00:03 - 00:00:26] Voix 00 :
 Rien de particulier par rapport aux enforts italiennes, si ce n'est qu'elles ne sont pas pointues. Elles ont un fond plat, donc plus facile à fabriquer et à utiliser. Et surtout, elles ont réussi à donner une épaisseur deux fois moindre que les enforts italiennes. Donc on a un objet qui fait que 10 kilos à vide, la moitié du poids des enforts italiennes, et qui peut contenir beaucoup plus, c'est-à-dire jusqu'à 26 à 30 litres de contenu.

[00:00:27 - 00:00:32] Voix 01 :
  Ce qu'il faut imaginer aussi, c'est le contexte de production viticole importante ?

[00:00:32 - 00:00:40] Voix 00 :
 Avec ces enfants, on peut trouver qu'il y a une production de vin déjà dans le Narbonne qui est très importante. Au siècle d'avant, c'est le vin italien qui inonde tout l'empire et la Gaule. À partir du 1er siècle après Jésus Christ, c'est le vin de Gaule qui va être diffusé dans tout l'empire romain, y compris jusqu'à Rome.  Et depuis quelques années, où on sait mieux les reconnaître, on s'aperçoit qu'on en a vraiment partout. Sur le dimanche germanique, en Suisse, en Italie évidemment, en Grèce et jusqu'en Inde.","Voici la transcription post-traitée conformément à vos instructions :

[00:00:00 - 00:00:03] Voix 01 :
Qu'est-ce qu'elles ont de particulier ces amphores ?

[00:00:03 - 00:00:26] Voix 00 :
Rien de particulier par rapport aux amphores italiennes, si ce n'est qu'elles ne sont pas pointues. Elles ont un fond plat, donc plus facile à fabriquer et à utiliser. Et surtout, elles ont réussi à donner une épaisseur deux fois moindre que les amphores italiennes. Donc on a un objet qui fait 10 kilos à vide, la moitié du poids des amphores italiennes, et qui peut contenir beaucoup plus, c'est-à-dire jusqu'à 26 à 30 litres de contenu.

[00:00:27 - 00:00:32] Voix 01 :
Ce qu'il faut imaginer aussi, c'est le contexte d'une production viticole importante ?

[00:00:32 - 00:00:40] Voix 00 :
Avec ces amphores, on peut trouver qu'il y a une production de vin déjà dans le Narbonne qui est très importante. Au siècle d'avant, c'est le vin italien qui inonde tout l'Empire et la Gaule. À partir du 1er siècle après Jésus Christ, c'est le vin de Gaule qui va être diffusé dans tout l'Empire romain, y compris jusqu'à Rome. Et depuis quelques années, où on sait mieux les reconnaître, on s'aperçoit qu'on en a vraiment partout. Sur le Limes germanique, en Suisse, en Italie évidemment, en Grèce et jusqu'en Inde.",395,404,1.0227848101265822,True,
